cyl,0
,25.855700000000002
6.0,22.19879999999998
4.0,19.517600000000062
6.0,27.823200000000018
,20.03690000000003
6.0,15.889250000000125
,15.551949999999897
7.6,14.849299999999843
,16.254749999999895
,20.643800000000006
8.0,
8.0,
4.0,
8.0,
8.0,
